CustomerID,Name,Gender,Age,Location,SignupDate
1,Vihaan Sharma,Female,37,Indore,2024-05-03
2,Ishaan Nair,Female,29,Nagpur,2025-01-22
3,Krishna Patel,Female,31,Hyderabad,2025-03-25
4,Vihaan Joshi,Male,39,Chennai,2024-12-23
5,Aditya Mehta,Female,49,Nagpur,2024-07-10
6,Myra Sharma,Female,30,Ahmedabad,2024-11-05
7,Aarav Verma,Female,32,Delhi,2023-09-07
8,Reyansh Nair,Female,26,Kolkata,2024-05-29
9,Kiara Mehta,Female,27,Nagpur,2024-07-06
10,Aarav Joshi,Female,22,Pune,2025-02-10
11,Reyansh Joshi,Female,36,Nagpur,2025-02-27
12,Myra Nair,Male,24,Ahmedabad,2025-01-13
13,Ira Mehta,Male,50,Indore,2023-10-20
14,Ishaan Sharma,Female,52,Indore,2023-11-07
15,Sai Yadav,Male,51,Delhi,2025-01-21
16,Diya Kumar,Female,20,Bengaluru,2025-02-15
17,Arjun Nair,Male,60,Delhi,2024-08-04
18,Diya Verma,Female,39,Kolkata,2024-05-29
19,Aditya Yadav,Female,57,Chennai,2024-05-18
20,Vihaan Reddy,Female,26,Chennai,2024-05-14
21,Ananya Mehta,Female,56,Nagpur,2023-12-15
22,Ishaan Sharma,Male,42,Chennai,2024-02-07
23,Ira Joshi,Female,27,Bengaluru,2024-08-23
24,Vihaan Yadav,Male,28,Hyderabad,2025-04-27
25,Aditya Joshi,Male,29,Indore,2024-07-30
26,Atharv Mehta,Female,57,Nagpur,2025-06-06
27,Ananya Mehta,Male,28,Kolkata,2024-11-06
28,Reyansh Verma,Female,46,Nagpur,2024-11-01
29,Vivaan Nair,Male,20,Mumbai,2023-06-26
30,Atharv Verma,Female,44,Mumbai,2023-12-07
31,Krishna Verma,Male,41,Mumbai,2024-09-26
32,Aadhya Kumar,Male,33,Bengaluru,2024-06-15
33,Ira Reddy,Female,46,Chennai,2025-01-30
34,Sai Reddy,Male,57,Pune,2023-11-05
35,Ananya Nair,Male,36,Nagpur,2024-10-16
36,Ishaan Verma,Female,46,Pune,2024-08-05
37,Meera Patel,Female,32,Bengaluru,2024-09-07
38,Aarohi Nair,Female,52,Indore,2025-02-24
39,Sai Gupta,Female,33,Nagpur,2024-01-18
40,Aadhya Kumar,Male,37,Bengaluru,2025-03-18
41,Aarohi Nair,Female,48,Chennai,2024-11-02
42,Diya Sharma,Female,30,Indore,2024-09-17
43,Krishna Sharma,Female,41,Chennai,2024-07-25
44,Diya Yadav,Female,54,Bengaluru,2023-10-15
45,Ishaan Verma,Male,46,Kolkata,2025-06-08
46,Reyansh Mehta,Male,47,Indore,2024-09-19
47,Diya Nair,Male,36,Ahmedabad,2024-01-08
48,Saanvi Yadav,Female,42,Indore,2024-02-20
49,Ira Patel,Male,50,Chennai,2024-12-06
50,Ishaan Patel,Male,51,Nagpur,2024-08-18
51,Krishna Joshi,Female,44,Nagpur,2024-06-10
52,Aarohi Kumar,Male,28,Nagpur,2024-02-10
53,Avni Yadav,Male,30,Pune,2025-02-04
54,Avni Yadav,Female,56,Indore,2025-06-04
55,Ananya Nair,Male,26,Ahmedabad,2025-02-10
56,Arjun Joshi,Female,34,Pune,2024-03-21
57,Saanvi Verma,Male,21,Mumbai,2024-11-19
58,Vivaan Verma,Male,59,Chennai,2023-11-24
59,Arjun Patel,Female,48,Chennai,2023-08-12
60,Myra Mehta,Male,41,Delhi,2025-05-08
61,Aditya Yadav,Female,53,Kolkata,2024-08-28
62,Aadhya Mehta,Female,24,Indore,2025-03-29
63,Ira Joshi,Female,51,Ahmedabad,2025-03-21
64,Ishaan Joshi,Female,25,Mumbai,2025-04-03
65,Aarav Verma,Male,36,Indore,2024-01-30
66,Aarohi Kumar,Male,23,Pune,2025-04-09
67,Diya Verma,Female,28,Ahmedabad,2024-03-30
68,Atharv Yadav,Male,35,Indore,2025-02-26
69,Sai Gupta,Male,46,Indore,2023-06-27
70,Aarav Kumar,Male,50,Hyderabad,2023-08-09
71,Kiara Patel,Male,27,Mumbai,2025-03-31
72,Kiara Verma,Female,45,Indore,2024-06-16
73,Atharv Joshi,Male,23,Pune,2023-06-15
74,Meera Nair,Female,32,Bengaluru,2024-08-30
75,Arjun Reddy,Male,46,Nagpur,2023-09-26
76,Sai Joshi,Male,40,Indore,2024-03-06
77,Kiara Sharma,Female,19,Kolkata,2023-11-17
78,Meera Reddy,Female,44,Bengaluru,2023-06-11
79,Saanvi Sharma,Female,21,Hyderabad,2024-10-10
80,Vihaan Reddy,Female,43,Mumbai,2023-10-15
81,Atharv Nair,Male,50,Indore,2023-08-28
82,Vivaan Nair,Female,41,Delhi,2025-01-15
83,Avni Verma,Female,33,Hyderabad,2024-04-02
84,Aditya Gupta,Male,42,Mumbai,2024-06-28
85,Aditya Joshi,Male,23,Pune,2024-11-16
86,Arjun Patel,Female,41,Chennai,2024-01-14
87,Saanvi Joshi,Female,32,Kolkata,2023-10-14
88,Sai Kumar,Female,19,Bengaluru,2024-11-19
89,Kiara Mehta,Female,38,Kolkata,2023-10-18
90,Myra Nair,Female,24,Hyderabad,2023-06-13
91,Aarohi Nair,Female,59,Kolkata,2024-02-18
92,Atharv Yadav,Female,39,Nagpur,2023-10-23
93,Ananya Gupta,Male,27,Indore,2023-09-16
94,Kiara Gupta,Female,26,Pune,2023-09-01
95,Vihaan Nair,Female,20,Mumbai,2024-08-06
96,Krishna Verma,Male,36,Bengaluru,2024-09-23
97,Diya Sharma,Male,48,Nagpur,2025-04-27
98,Avni Joshi,Female,26,Hyderabad,2024-10-30
99,Krishna Mehta,Female,48,Nagpur,2024-10-31
100,Krishna Sharma,Female,46,Chennai,2025-02-11
101,Aditya Sharma,Female,57,Pune,2024-06-20
102,Krishna Verma,Male,18,Nagpur,2024-03-08
103,Vivaan Reddy,Female,23,Kolkata,2025-03-04
104,Aditya Joshi,Female,19,Chennai,2024-01-08
105,Krishna Kumar,Male,34,Bengaluru,2023-11-06
106,Saanvi Nair,Male,31,Pune,2023-08-25
107,Aarohi Patel,Female,27,Nagpur,2023-09-17
108,Avni Mehta,Female,53,Chennai,2024-02-11
109,Saanvi Nair,Male,56,Nagpur,2024-08-08
110,Saanvi Yadav,Female,51,Chennai,2024-09-04
111,Reyansh Verma,Male,45,Ahmedabad,2025-01-07
112,Vihaan Yadav,Male,25,Indore,2024-03-03
113,Ananya Yadav,Female,36,Pune,2024-06-07
114,Myra Gupta,Male,33,Hyderabad,2024-11-19
115,Vivaan Verma,Male,37,Hyderabad,2025-03-14
116,Vivaan Yadav,Male,25,Ahmedabad,2024-10-18
117,Diya Verma,Female,21,Nagpur,2025-01-27
118,Krishna Nair,Female,33,Ahmedabad,2023-09-02
119,Reyansh Joshi,Male,44,Hyderabad,2023-07-25
120,Ira Patel,Female,58,Ahmedabad,2025-01-26
121,Myra Patel,Male,57,Ahmedabad,2023-12-09
122,Ishaan Gupta,Male,47,Hyderabad,2025-01-08
123,Krishna Verma,Female,22,Pune,2024-11-02
124,Ira Joshi,Female,25,Chennai,2023-12-29
125,Vihaan Sharma,Female,49,Pune,2024-11-16
126,Aarohi Sharma,Male,56,Chennai,2023-06-13
127,Aditya Nair,Male,52,Nagpur,2025-01-30
128,Sai Yadav,Male,19,Ahmedabad,2024-05-19
129,Saanvi Gupta,Female,58,Ahmedabad,2023-10-11
130,Reyansh Yadav,Female,50,Delhi,2023-12-04
131,Vivaan Patel,Male,54,Indore,2024-03-27
132,Aadhya Sharma,Female,33,Nagpur,2024-05-31
133,Aadhya Kumar,Female,27,Kolkata,2023-07-31
134,Ira Kumar,Female,36,Kolkata,2024-08-21
135,Myra Joshi,Female,45,Chennai,2023-07-22
136,Saanvi Patel,Male,18,Bengaluru,2023-11-25
137,Reyansh Kumar,Female,57,Ahmedabad,2023-07-04
138,Reyansh Sharma,Male,40,Mumbai,2023-08-18
139,Avni Joshi,Male,33,Ahmedabad,2025-01-26
140,Vivaan Reddy,Male,54,Delhi,2023-10-09
141,Vivaan Sharma,Female,44,Chennai,2024-10-21
142,Avni Gupta,Female,29,Pune,2023-11-07
143,Kiara Joshi,Male,60,Ahmedabad,2023-06-30
144,Sai Sharma,Female,60,Pune,2024-09-27
145,Kiara Verma,Male,23,Hyderabad,2023-06-30
146,Sai Verma,Female,51,Hyderabad,2025-06-09
147,Meera Verma,Male,41,Nagpur,2024-10-13
148,Krishna Yadav,Female,22,Ahmedabad,2024-11-21
149,Vihaan Mehta,Female,51,Nagpur,2024-06-01
150,Krishna Mehta,Female,52,Ahmedabad,2024-10-09
151,Meera Sharma,Female,50,Bengaluru,2024-06-09
152,Meera Verma,Female,50,Delhi,2024-09-25
153,Myra Mehta,Male,53,Indore,2024-07-26
154,Avni Joshi,Male,19,Indore,2023-09-15
155,Diya Kumar,Female,42,Hyderabad,2025-05-20
156,Reyansh Reddy,Male,48,Hyderabad,2025-03-30
157,Krishna Kumar,Female,20,Mumbai,2025-01-09
158,Aadhya Patel,Male,58,Nagpur,2023-11-18
159,Atharv Gupta,Male,42,Hyderabad,2023-11-24
160,Diya Verma,Female,41,Hyderabad,2025-02-25
161,Aarav Gupta,Female,34,Mumbai,2025-02-09
162,Meera Mehta,Female,19,Delhi,2025-03-18
163,Vihaan Verma,Male,40,Kolkata,2023-12-10
164,Aarohi Nair,Male,22,Chennai,2024-11-27
165,Kiara Kumar,Male,40,Pune,2024-04-25
166,Arjun Reddy,Male,33,Delhi,2024-02-29
167,Aditya Nair,Female,60,Bengaluru,2025-04-22
168,Ananya Kumar,Female,58,Mumbai,2023-10-09
169,Sai Gupta,Male,24,Nagpur,2024-11-17
170,Aarohi Kumar,Male,55,Bengaluru,2025-03-09
171,Meera Joshi,Male,39,Kolkata,2025-01-23
172,Aarav Joshi,Male,26,Pune,2023-07-18
173,Atharv Verma,Female,20,Pune,2024-07-09
174,Arjun Kumar,Female,40,Hyderabad,2024-04-27
175,Vihaan Verma,Female,52,Ahmedabad,2024-10-19
176,Aarohi Patel,Female,39,Chennai,2024-01-02
177,Ishaan Kumar,Male,59,Ahmedabad,2023-10-04
178,Meera Nair,Female,29,Mumbai,2025-01-01
179,Diya Nair,Male,47,Delhi,2024-03-23
180,Ishaan Joshi,Female,48,Indore,2024-07-27
181,Saanvi Kumar,Female,58,Hyderabad,2024-05-28
182,Vivaan Verma,Female,29,Nagpur,2025-03-14
183,Myra Kumar,Male,26,Mumbai,2024-07-14
184,Vivaan Sharma,Female,22,Bengaluru,2025-01-28
185,Diya Patel,Male,47,Kolkata,2023-11-10
186,Ishaan Patel,Female,20,Bengaluru,2023-10-03
187,Ira Joshi,Female,36,Mumbai,2024-08-22
188,Myra Joshi,Male,30,Kolkata,2023-12-15
189,Aarav Verma,Female,20,Pune,2024-06-07
190,Aditya Patel,Male,30,Bengaluru,2024-09-09
191,Aarohi Sharma,Female,20,Ahmedabad,2025-03-10
192,Ananya Mehta,Female,38,Mumbai,2023-10-22
193,Aarohi Patel,Male,37,Mumbai,2025-02-07
194,Myra Patel,Female,50,Ahmedabad,2025-05-25
195,Vivaan Kumar,Female,43,Indore,2023-06-29
196,Ananya Sharma,Male,52,Indore,2025-01-22
197,Ananya Nair,Male,48,Delhi,2025-04-19
198,Krishna Verma,Female,34,Chennai,2024-10-10
199,Ananya Joshi,Male,20,Ahmedabad,2024-10-28
200,Myra Mehta,Male,59,Pune,2024-06-04
201,Arjun Nair,Male,30,Nagpur,2024-11-03
202,Sai Patel,Male,36,Nagpur,2024-11-09
203,Myra Sharma,Female,40,Pune,2025-05-23
204,Sai Reddy,Male,21,Bengaluru,2024-05-15
205,Myra Nair,Male,59,Nagpur,2024-10-04
206,Ishaan Patel,Male,39,Pune,2024-04-21
207,Vihaan Yadav,Male,35,Ahmedabad,2023-09-23
208,Vivaan Gupta,Male,25,Hyderabad,2025-03-17
209,Krishna Nair,Male,41,Delhi,2025-05-23
210,Ira Reddy,Male,45,Chennai,2024-10-12
211,Atharv Nair,Female,43,Bengaluru,2024-04-19
212,Krishna Sharma,Male,46,Pune,2023-07-16
213,Reyansh Yadav,Male,42,Ahmedabad,2024-04-05
214,Diya Kumar,Female,39,Bengaluru,2025-02-20
215,Aditya Kumar,Male,29,Mumbai,2024-09-13
216,Ananya Joshi,Male,49,Chennai,2024-06-02
217,Aadhya Joshi,Female,49,Ahmedabad,2023-06-15
218,Diya Sharma,Male,41,Indore,2023-10-31
219,Vihaan Kumar,Male,51,Hyderabad,2024-04-25
220,Sai Mehta,Male,35,Bengaluru,2024-09-16
221,Ishaan Sharma,Male,23,Indore,2023-11-23
222,Vihaan Mehta,Male,45,Kolkata,2024-12-13
223,Myra Reddy,Female,23,Kolkata,2025-03-30
224,Diya Yadav,Male,45,Nagpur,2024-06-10
225,Meera Joshi,Female,56,Chennai,2023-12-02
226,Vihaan Yadav,Male,29,Delhi,2025-06-05
227,Avni Nair,Male,52,Kolkata,2025-01-04
228,Ishaan Sharma,Female,36,Delhi,2024-10-22
229,Myra Sharma,Male,38,Bengaluru,2023-11-12
230,Kiara Joshi,Male,24,Bengaluru,2024-04-25
231,Reyansh Reddy,Female,23,Pune,2024-01-21
232,Myra Verma,Male,38,Chennai,2023-06-30
233,Diya Mehta,Male,60,Hyderabad,2023-09-26
234,Diya Verma,Female,36,Mumbai,2024-12-25
235,Atharv Joshi,Female,37,Ahmedabad,2024-05-16
236,Atharv Yadav,Female,46,Kolkata,2024-04-20
237,Diya Yadav,Male,56,Hyderabad,2024-05-13
238,Atharv Joshi,Female,45,Pune,2024-09-18
239,Arjun Nair,Male,28,Ahmedabad,2024-01-16
240,Myra Yadav,Male,46,Chennai,2024-12-12
241,Sai Mehta,Female,40,Ahmedabad,2024-04-23
242,Avni Kumar,Female,46,Indore,2025-02-01
243,Aadhya Joshi,Male,20,Indore,2024-12-04
244,Aarav Kumar,Male,40,Mumbai,2023-10-12
245,Atharv Nair,Female,57,Ahmedabad,2023-12-14
246,Myra Mehta,Female,45,Chennai,2023-08-07
247,Meera Reddy,Female,35,Hyderabad,2024-03-24
248,Ira Gupta,Male,58,Mumbai,2023-10-08
249,Ira Nair,Female,21,Delhi,2024-11-05
250,Kiara Gupta,Female,22,Pune,2025-02-20
251,Sai Verma,Male,60,Ahmedabad,2023-12-27
252,Atharv Joshi,Male,58,Bengaluru,2023-11-22
253,Meera Reddy,Female,43,Kolkata,2024-07-06
254,Aditya Nair,Male,41,Nagpur,2024-04-13
255,Atharv Nair,Male,50,Ahmedabad,2024-03-23
256,Reyansh Patel,Male,28,Delhi,2025-05-14
257,Aarav Sharma,Female,19,Ahmedabad,2024-01-23
258,Krishna Gupta,Female,27,Chennai,2023-12-03
259,Meera Verma,Female,56,Indore,2023-10-09
260,Ira Yadav,Female,46,Hyderabad,2025-04-22
261,Avni Nair,Female,20,Hyderabad,2024-01-16
262,Aadhya Gupta,Female,26,Bengaluru,2023-11-11
263,Aadhya Nair,Male,22,Pune,2025-03-13
264,Arjun Sharma,Male,33,Bengaluru,2023-12-27
265,Vihaan Yadav,Male,59,Pune,2023-12-03
266,Krishna Patel,Female,41,Indore,2025-04-30
267,Kiara Gupta,Female,41,Chennai,2024-11-02
268,Vivaan Joshi,Male,42,Kolkata,2025-02-27
269,Krishna Verma,Female,54,Nagpur,2023-10-08
270,Ira Patel,Female,20,Pune,2025-01-05
271,Ira Joshi,Female,56,Nagpur,2025-03-17
272,Aarohi Mehta,Female,27,Hyderabad,2024-11-30
273,Diya Gupta,Female,46,Hyderabad,2023-06-21
274,Meera Joshi,Male,41,Indore,2023-12-28
275,Myra Joshi,Female,41,Delhi,2024-01-08
276,Ira Patel,Female,46,Nagpur,2023-10-20
277,Saanvi Gupta,Female,22,Pune,2025-03-02
278,Ishaan Nair,Female,54,Nagpur,2024-07-27
279,Ishaan Joshi,Female,26,Chennai,2023-08-24
280,Saanvi Nair,Male,51,Delhi,2024-09-15
281,Ishaan Gupta,Female,41,Indore,2024-08-04
282,Aditya Kumar,Male,43,Delhi,2024-05-16
283,Krishna Kumar,Male,38,Mumbai,2023-08-09
284,Diya Reddy,Male,59,Nagpur,2024-08-31
285,Aarohi Verma,Male,35,Nagpur,2023-07-05
286,Arjun Patel,Female,33,Hyderabad,2025-02-05
287,Krishna Yadav,Male,25,Indore,2023-07-12
288,Arjun Nair,Female,19,Nagpur,2024-01-09
289,Aditya Yadav,Male,29,Bengaluru,2023-07-18
290,Myra Reddy,Male,49,Bengaluru,2024-05-24
291,Aarohi Gupta,Female,51,Chennai,2023-08-13
292,Myra Sharma,Male,42,Nagpur,2023-09-07
293,Reyansh Yadav,Female,53,Pune,2024-11-27
294,Aadhya Mehta,Female,25,Delhi,2024-05-31
295,Aarav Mehta,Female,34,Hyderabad,2025-04-14
296,Aadhya Gupta,Male,34,Indore,2025-01-28
297,Aarav Reddy,Female,46,Pune,2023-09-20
298,Atharv Yadav,Female,31,Delhi,2024-09-18
299,Myra Joshi,Female,57,Nagpur,2025-01-19
300,Aarohi Mehta,Male,36,Pune,2025-05-26
301,Krishna Gupta,Male,49,Mumbai,2023-06-21
302,Krishna Kumar,Male,30,Pune,2024-06-11
303,Myra Gupta,Female,25,Bengaluru,2025-04-08
304,Aarav Yadav,Male,26,Nagpur,2024-03-27
305,Diya Yadav,Male,22,Kolkata,2024-12-14
306,Sai Gupta,Female,46,Pune,2025-01-18
307,Arjun Mehta,Female,29,Indore,2024-07-07
308,Aarohi Sharma,Male,46,Mumbai,2024-08-31
309,Aadhya Mehta,Female,23,Nagpur,2024-08-06
310,Avni Sharma,Male,38,Pune,2023-11-15
311,Aditya Yadav,Female,60,Ahmedabad,2024-07-01
312,Arjun Gupta,Male,40,Mumbai,2024-09-21
313,Sai Sharma,Female,22,Kolkata,2024-10-08
314,Ishaan Yadav,Male,53,Ahmedabad,2024-07-02
315,Diya Nair,Male,52,Mumbai,2024-12-28
316,Ira Reddy,Female,36,Hyderabad,2024-09-30
317,Diya Yadav,Female,37,Indore,2023-11-17
318,Ishaan Yadav,Female,28,Delhi,2025-02-02
319,Ishaan Verma,Female,58,Mumbai,2023-08-05
320,Saanvi Sharma,Male,29,Kolkata,2023-08-05
321,Aarohi Sharma,Male,41,Chennai,2025-01-24
322,Ananya Nair,Male,50,Delhi,2025-03-01
323,Aditya Sharma,Female,32,Nagpur,2024-10-06
324,Aarav Nair,Male,25,Mumbai,2024-08-10
325,Reyansh Sharma,Male,30,Delhi,2023-11-17
326,Meera Patel,Male,26,Pune,2024-02-20
327,Krishna Patel,Male,33,Mumbai,2025-04-25
328,Saanvi Verma,Male,49,Ahmedabad,2025-05-23
329,Avni Nair,Female,19,Kolkata,2023-11-26
330,Ira Kumar,Female,41,Bengaluru,2024-09-13
331,Ananya Patel,Female,53,Bengaluru,2023-10-02
332,Meera Mehta,Female,54,Kolkata,2024-03-01
333,Vihaan Patel,Male,41,Chennai,2023-11-23
334,Atharv Verma,Female,47,Kolkata,2023-07-12
335,Avni Sharma,Female,53,Pune,2023-08-20
336,Atharv Mehta,Female,26,Kolkata,2025-04-09
337,Aadhya Yadav,Male,57,Kolkata,2024-08-22
338,Reyansh Verma,Male,23,Delhi,2024-02-20
339,Avni Nair,Male,22,Nagpur,2023-12-13
340,Vihaan Kumar,Male,37,Bengaluru,2025-01-24
341,Meera Verma,Male,43,Chennai,2023-11-04
342,Avni Sharma,Male,48,Delhi,2025-06-09
343,Ananya Joshi,Female,51,Bengaluru,2024-10-31
344,Myra Reddy,Female,44,Nagpur,2024-07-29
345,Aditya Joshi,Female,44,Kolkata,2024-08-28
346,Diya Sharma,Female,54,Nagpur,2025-01-18
347,Myra Gupta,Female,22,Bengaluru,2025-02-09
348,Vihaan Yadav,Female,26,Hyderabad,2023-08-20
349,Ananya Gupta,Female,38,Mumbai,2024-11-25
350,Arjun Yadav,Male,59,Mumbai,2023-12-02
351,Sai Joshi,Male,22,Ahmedabad,2024-11-26
352,Ishaan Mehta,Female,46,Pune,2025-06-09
353,Aarohi Gupta,Female,47,Nagpur,2023-07-17
354,Ira Yadav,Male,51,Kolkata,2023-07-30
355,Avni Kumar,Female,40,Nagpur,2024-02-20
356,Diya Nair,Female,26,Kolkata,2025-02-12
357,Aditya Kumar,Female,53,Hyderabad,2023-06-13
358,Ira Nair,Male,58,Hyderabad,2024-05-18
359,Ira Mehta,Male,55,Pune,2025-03-05
360,Meera Yadav,Female,29,Chennai,2025-04-22
361,Diya Sharma,Male,26,Bengaluru,2024-06-25
362,Saanvi Reddy,Male,45,Ahmedabad,2024-02-17
363,Sai Gupta,Male,50,Hyderabad,2024-01-24
364,Reyansh Reddy,Female,21,Delhi,2025-01-22
365,Ishaan Reddy,Male,25,Mumbai,2024-12-13
366,Ishaan Mehta,Male,51,Kolkata,2025-05-28
367,Ishaan Joshi,Female,27,Indore,2024-08-08
368,Aarav Joshi,Female,37,Mumbai,2024-02-22
369,Reyansh Verma,Female,28,Hyderabad,2024-04-18
370,Krishna Yadav,Male,28,Hyderabad,2024-08-23
371,Saanvi Joshi,Male,38,Delhi,2023-07-04
372,Krishna Gupta,Female,32,Delhi,2024-02-06
373,Saanvi Gupta,Female,40,Indore,2025-03-23
374,Aarav Verma,Male,51,Mumbai,2025-05-07
375,Atharv Nair,Male,36,Pune,2024-10-06
376,Aadhya Nair,Female,23,Indore,2024-05-23
377,Atharv Mehta,Male,34,Mumbai,2023-12-17
378,Ananya Gupta,Female,30,Hyderabad,2023-08-21
379,Aarohi Joshi,Male,58,Mumbai,2025-01-31
380,Ananya Yadav,Female,53,Kolkata,2023-06-20
381,Aarohi Reddy,Male,35,Pune,2023-09-23
382,Ananya Gupta,Female,26,Hyderabad,2024-08-17
383,Ishaan Kumar,Male,58,Nagpur,2023-11-11
384,Ishaan Nair,Female,37,Hyderabad,2024-08-25
385,Vihaan Nair,Male,57,Mumbai,2024-08-14
386,Diya Verma,Female,52,Bengaluru,2025-01-20
387,Aarohi Patel,Female,23,Nagpur,2023-12-04
388,Reyansh Nair,Female,50,Ahmedabad,2023-11-28
389,Saanvi Kumar,Female,59,Hyderabad,2023-07-03
390,Avni Joshi,Female,28,Indore,2024-05-30
391,Meera Kumar,Male,55,Chennai,2024-05-14
392,Vihaan Nair,Female,55,Indore,2024-10-27
393,Atharv Nair,Male,27,Indore,2024-01-21
394,Ananya Patel,Female,28,Chennai,2023-07-06
395,Atharv Sharma,Male,60,Hyderabad,2023-06-13
396,Aarohi Patel,Female,57,Ahmedabad,2024-09-12
397,Ishaan Sharma,Female,56,Bengaluru,2024-07-01
398,Vivaan Joshi,Male,39,Nagpur,2025-02-13
399,Atharv Patel,Female,54,Hyderabad,2023-07-23
400,Saanvi Verma,Male,20,Kolkata,2025-02-15
401,Aarav Mehta,Male,19,Ahmedabad,2023-08-19
402,Atharv Gupta,Female,23,Ahmedabad,2024-11-10
403,Saanvi Gupta,Female,20,Mumbai,2024-03-21
404,Diya Patel,Male,59,Nagpur,2023-12-24
405,Vivaan Kumar,Female,54,Indore,2024-03-24
406,Saanvi Verma,Female,34,Bengaluru,2024-03-29
407,Aditya Yadav,Female,59,Kolkata,2025-03-09
408,Saanvi Verma,Male,31,Nagpur,2024-10-15
409,Avni Sharma,Female,54,Pune,2025-02-25
410,Arjun Patel,Male,44,Mumbai,2024-03-17
411,Avni Kumar,Male,57,Chennai,2023-07-26
412,Aditya Nair,Male,58,Kolkata,2025-02-15
413,Vihaan Joshi,Male,19,Nagpur,2024-08-15
414,Myra Mehta,Female,49,Chennai,2023-06-28
415,Meera Mehta,Female,58,Kolkata,2023-08-09
416,Krishna Joshi,Male,52,Kolkata,2024-03-23
417,Aadhya Gupta,Male,36,Bengaluru,2024-01-30
418,Ira Kumar,Male,59,Ahmedabad,2024-08-26
419,Avni Yadav,Male,37,Kolkata,2024-10-28
420,Atharv Mehta,Female,48,Bengaluru,2024-12-01
421,Meera Sharma,Male,33,Nagpur,2024-09-04
422,Meera Verma,Male,43,Pune,2023-10-30
423,Reyansh Nair,Male,37,Hyderabad,2023-10-01
424,Ishaan Verma,Male,47,Hyderabad,2025-01-25
425,Sai Nair,Male,22,Ahmedabad,2023-08-24
426,Sai Joshi,Female,21,Bengaluru,2023-10-29
427,Aditya Patel,Female,28,Pune,2024-02-05
428,Aarav Yadav,Female,46,Mumbai,2025-04-09
429,Ira Mehta,Female,44,Nagpur,2023-09-11
430,Saanvi Kumar,Female,48,Kolkata,2024-06-21
431,Vivaan Nair,Male,47,Kolkata,2023-06-25
432,Atharv Kumar,Female,31,Nagpur,2024-03-11
433,Ira Verma,Male,39,Nagpur,2024-06-27
434,Krishna Kumar,Female,56,Bengaluru,2024-10-15
435,Avni Nair,Female,27,Kolkata,2024-04-10
436,Myra Verma,Female,38,Hyderabad,2025-05-13
437,Aarohi Nair,Female,38,Ahmedabad,2024-05-09
438,Arjun Kumar,Male,40,Hyderabad,2025-03-29
439,Arjun Verma,Female,43,Chennai,2025-03-15
440,Vivaan Patel,Male,26,Delhi,2025-01-05
441,Atharv Mehta,Female,41,Pune,2023-10-02
442,Avni Kumar,Female,50,Chennai,2024-09-03
443,Ira Verma,Female,53,Delhi,2024-09-24
444,Ira Kumar,Male,24,Nagpur,2024-01-05
445,Aadhya Kumar,Male,38,Hyderabad,2025-03-17
446,Kiara Joshi,Female,33,Mumbai,2023-11-19
447,Saanvi Gupta,Female,47,Ahmedabad,2023-07-11
448,Aditya Mehta,Male,25,Kolkata,2024-02-11
449,Vivaan Yadav,Male,35,Indore,2023-11-16
450,Diya Mehta,Female,46,Indore,2023-06-18
451,Ishaan Sharma,Female,33,Mumbai,2023-12-28
452,Aditya Nair,Male,27,Delhi,2023-12-31
453,Avni Mehta,Female,24,Hyderabad,2024-09-22
454,Aarav Kumar,Male,21,Indore,2024-02-02
455,Avni Sharma,Female,36,Nagpur,2025-04-15
456,Sai Gupta,Female,42,Hyderabad,2023-12-29
457,Kiara Gupta,Male,57,Pune,2024-09-07
458,Ishaan Patel,Male,44,Hyderabad,2023-09-16
459,Avni Yadav,Female,33,Chennai,2024-02-02
460,Saanvi Verma,Male,28,Ahmedabad,2023-08-03
461,Saanvi Reddy,Female,38,Mumbai,2023-10-11
462,Myra Reddy,Male,54,Hyderabad,2025-05-10
463,Diya Verma,Male,38,Hyderabad,2025-04-03
464,Sai Reddy,Male,30,Delhi,2023-07-15
465,Myra Gupta,Male,28,Pune,2025-03-06
466,Atharv Yadav,Female,49,Hyderabad,2023-08-14
467,Aarohi Sharma,Female,50,Indore,2023-08-09
468,Ira Verma,Male,47,Hyderabad,2024-02-01
469,Diya Kumar,Female,49,Kolkata,2023-12-17
470,Diya Verma,Female,37,Hyderabad,2023-07-04
471,Aadhya Joshi,Female,49,Nagpur,2024-05-15
472,Aarav Joshi,Female,19,Chennai,2024-05-30
473,Ira Yadav,Female,23,Ahmedabad,2024-07-23
474,Vivaan Nair,Female,43,Kolkata,2025-06-05
475,Kiara Reddy,Male,50,Pune,2024-06-08
476,Meera Gupta,Female,47,Nagpur,2024-10-25
477,Ira Sharma,Male,33,Chennai,2024-04-26
478,Reyansh Kumar,Female,31,Ahmedabad,2024-03-27
479,Aarohi Patel,Male,55,Ahmedabad,2023-08-24
480,Atharv Gupta,Female,40,Chennai,2024-09-19
481,Saanvi Verma,Female,21,Nagpur,2023-07-30
482,Aarav Mehta,Female,21,Pune,2023-07-21
483,Krishna Patel,Male,36,Pune,2023-11-22
484,Atharv Joshi,Female,49,Delhi,2024-02-22
485,Aarav Joshi,Male,56,Pune,2024-07-30
486,Myra Verma,Male,59,Chennai,2024-02-08
487,Krishna Verma,Female,48,Hyderabad,2024-06-01
488,Ira Verma,Female,36,Chennai,2025-02-16
489,Arjun Gupta,Female,52,Chennai,2024-07-06
490,Atharv Joshi,Male,18,Kolkata,2023-12-31
491,Ishaan Yadav,Male,24,Mumbai,2024-09-08
492,Saanvi Gupta,Female,45,Indore,2024-05-02
493,Krishna Gupta,Female,26,Hyderabad,2023-12-26
494,Aarohi Patel,Female,34,Bengaluru,2024-03-15
495,Aadhya Nair,Male,41,Mumbai,2025-04-11
496,Meera Joshi,Male,43,Ahmedabad,2023-12-11
497,Arjun Verma,Female,41,Nagpur,2023-10-01
498,Ishaan Yadav,Female,20,Indore,2025-03-31
499,Diya Joshi,Male,43,Indore,2025-02-19
500,Ishaan Sharma,Female,21,Kolkata,2025-02-04
